checkpoint,policy,config,scope,block,n_eps,mse,mae,normalized_mse,final_position_error,mean_squared_jerk_pred,mean_squared_jerk_gt,jerk_ratio_pred_over_gt,chunk_boundary_discontinuity,on_grid_fraction,mse_proprio_ablated,proprio_leakage_gap,grasp_precision,grasp_recall,grasp_f1,grasp_onset_timing_error_signed_steps,grasp_spurious_transitions,grasp_n_gt_events,grasp_n_pred_events,mse__std,mae__std,normalized_mse__std,final_position_error__std,mean_squared_jerk_pred__std,mean_squared_jerk_gt__std,jerk_ratio_pred_over_gt__std,chunk_boundary_discontinuity__std,on_grid_fraction__std,mse_proprio_ablated__std,proprio_leakage_gap__std,grasp_precision__std,grasp_recall__std,grasp_f1__std,grasp_onset_timing_error_signed_steps__std,grasp_spurious_transitions__std,grasp_n_gt_events__std,grasp_n_pred_events__std
R0_base_ACT_handsin,R0_base_ACT_handsin,base,bottle_cupnoodles_shelf,motion_token,1,0.32156991958618164,0.47524622082710266,57.924705505371094,4.4773736000061035,0.2028084397315979,0.0012229096610099077,165.84090076131534,0.10020467638969421,1.0,0.3214942216873169,-7.56978988647461e-05,,,,,,,,,,,,,,,,,,,,,,,,,
R0_base_ACT_handsin,R0_base_ACT_handsin,base,cup_wipe_sponge_dryingrack,motion_token,1,0.35311248898506165,0.5085956454277039,111.7862777709961,4.8472771644592285,0.1996230185031891,0.0009948730003088713,200.65176001480944,0.10141296684741974,1.0,0.3529813885688782,-0.00013110041618347168,,,,,,,,,,,,,,,,,,,,,,,,,
R0_base_ACT_handsin,R0_base_ACT_handsin,base,floor_box_table,motion_token,1,0.36180379986763,0.49897971749305725,45.52570343017578,4.625,0.28845202922821045,0.001409223536029458,204.6886259371847,0.14118818938732147,1.0,0.3618355989456177,3.17990779876709e-05,,,,,,,,,,,,,,,,,,,,,,,,,
R0_base_ACT_handsin,R0_base_ACT_handsin,base,AGGREGATE,motion_token,3,0.34549540281295776,0.4942738612492879,71.74556223551433,4.64988358815511,0.23029449582099915,0.0012090020657827456,190.39376223776983,0.11426861087481181,1.0,0.34543706973393756,-5.833307902018229e-05,,,,,,,,0.01728595348716065,0.014015582816709482,28.76198867209061,0.15203411123469776,0.041144142929533105,0.00016944351569522364,17.439539876007448,0.01904140701954448,0.0,0.017311734744320424,6.762747975233711e-05,,,,,,,
R0_base_ACT_handsin,R0_base_ACT_handsin,base,bottle_cupnoodles_shelf,right_hand_joints,1,0.2517234683036804,0.4231199026107788,1.5499646663665771,1.0240663290023804,0.001437604078091681,0.00014900689711794257,9.64790292192839,0.0029590039048343897,,0.2517138719558716,-9.59634780883789e-06,0.0,0.0,,,14.0,5.0,14.0,,,,,,,,,,,,,,,,,,
R0_base_ACT_handsin,R0_base_ACT_handsin,base,cup_wipe_sponge_dryingrack,right_hand_joints,1,0.2690315544605255,0.48494866490364075,1.1701858043670654,0.23677487671375275,0.0016028539976105094,0.0003470222873147577,4.6188791216072,0.0048822457902133465,,0.26901620626449585,-1.5348196029663086e-05,0.0,0.0,,,3.0,3.0,3.0,,,,,,,,,,,,,,,,,,
R0_base_ACT_handsin,R0_base_ACT_handsin,base,floor_box_table,right_hand_joints,1,0.24971924722194672,0.47643470764160156,1.1006911993026733,0.32989954948425293,0.0011165541363880038,0.00017903179104905576,6.236624958312915,0.002573902253061533,,0.24952970445156097,-0.0001895427703857422,0.2,0.3333333333333333,0.25,0.0,4.0,3.0,5.0,,,,,,,,,,,,,,,,,,
R0_base_ACT_handsin,R0_base_ACT_handsin,base,AGGREGATE,right_hand_joints,3,0.2568247566620509,0.4615010917186737,1.2736138900121052,0.5302469184001287,0.001385670737363398,0.00022502032516058534,6.834469000616168,0.003471717316036423,,0.2567532608906428,-7.149577140808105e-05,0.06666666666666667,0.1111111111111111,0.25,0.0,7.0,3.6666666666666665,7.333333333333333,0.008670204146222096,0.027361269769109155,0.19745833100860113,0.35124659797671076,0.00020189880743523803,8.713488639649345e-05,2.0961604932570355,0.0010097091174846532,,0.008716938256570729,8.350485580776246e-05,0.09428090415820635,0.15713484026367722,0.0,0.0,4.96655480858378,0.9428090415820634,4.784233364802441
R0_base_ACT_handsin,R0_base_ACT_handsin,base,bottle_cupnoodles_shelf,all,1,0.31650859117507935,0.471468985080719,53.83963394165039,4.592993259429932,0.18821635842323303,0.0011450906749814749,164.36808240210146,0.09315789490938187,,0.31643766164779663,-7.092952728271484e-05,,,,,,,,,,,,,,,,,,,,,,,,,
R0_base_ACT_handsin,R0_base_ACT_handsin,base,cup_wipe_sponge_dryingrack,all,1,0.3536146283149719,0.5091720819473267,108.44815826416016,4.853331565856934,0.19362066686153412,0.0009745923453010619,198.6683640550477,0.09848089516162872,,0.353500634431839,-0.00011399388313293457,,,,,,,,,,,,,,,,,,,,,,,,,
R0_base_ACT_handsin,R0_base_ACT_handsin,base,floor_box_table,all,1,0.35996106266975403,0.4984828233718872,44.18549346923828,4.641623497009277,0.2797521948814392,0.0013714564265683293,203.9818323513476,0.13704729080200195,,0.3599904179573059,2.9355287551879883e-05,,,,,,,,,,,,,,,,,,,,,,,,,
R0_base_ACT_handsin,R0_base_ACT_handsin,base,AGGREGATE,all,3,0.34336142738660175,0.4930412967999776,68.82442855834961,4.695982774098714,0.22052974005540213,0.0011637131489502888,189.0060929361656,0.10956202695767085,,0.34330957134564716,-5.1856040954589844e-05,,,,,,,,0.019163775144910373,0.01586586560109047,28.29405796175369,0.11301978205188837,0.04193467939657721,0.00016255331874509652,17.55623172630234,0.019556130826686655,,0.01918513262327422,6.005605489617121e-05,,,,,,,
R0_base_ACT_handsin,R0_base_ACT_handsin,base,cup_wipe_sponge_dryingrack,left_hand_joints,1,0.4703359305858612,0.5702836513519287,2.0800061225891113,0.051695678383111954,0.0014888966688886285,0.00030419768881984055,4.894503553478407,0.004426576662808657,,0.47121602296829224,0.0008800923824310303,0.25,0.3333333333333333,0.28571428571428575,-6.0,3.0,3.0,4.0,,,,,,,,,,,,,,,,,,
R0_base_ACT_handsin,R0_base_ACT_handsin,base,floor_box_table,left_hand_joints,1,0.35226744413375854,0.48872894048690796,1.5015262365341187,0.21262729167938232,0.0016001686453819275,0.00014678640582133085,10.901340873007415,0.006504145450890064,,0.3523593246936798,9.188055992126465e-05,0.5,0.3333333333333333,0.4,0.0,1.0,3.0,2.0,,,,,,,,,,,,,,,,,,
R0_base_ACT_handsin,R0_base_ACT_handsin,base,AGGREGATE,left_hand_joints,2,0.4113016873598099,0.5295062959194183,1.790766179561615,0.13216148503124714,0.001544532657135278,0.0002254920473205857,7.897922213242911,0.0054653610568493605,,0.411787673830986,0.00048598647117614746,0.375,0.3333333333333333,0.34285714285714286,-3.0,2.0,3.0,3.0,0.05903424322605133,0.040777355432510376,0.28923994302749634,0.08046580664813519,5.5635988246649504e-05,7.870564149925485e-05,3.003418659764504,0.0010387843940407038,,0.05942834913730621,0.0003941059112548828,0.125,0.0,0.057142857142857134,3.0,1.0,0.0,1.0
R0_base_ACT_handsout,R0_base_ACT_handsout,base,bottle_cupnoodles_shelf,motion_token,1,0.2824889123439789,0.4393692910671234,53.86248779296875,4.464267730712891,0.1300077587366104,0.0012229096610099077,106.31019026315234,0.06313376128673553,1.0,0.28247490525245667,-1.4007091522216797e-05,,,,,,,,,,,,,,,,,,,,,,,,,
R0_base_ACT_handsout,R0_base_ACT_handsout,base,cup_wipe_sponge_dryingrack,motion_token,1,0.2446328103542328,0.3955594599246979,70.76103210449219,3.697549819946289,0.12323970347642899,0.0009948730003088713,123.87480958691975,0.06768798828125,1.0,0.24452756345272064,-0.000105246901512146,,,,,,,,,,,,,,,,,,,,,,,,,
R0_base_ACT_handsout,R0_base_ACT_handsout,base,floor_box_table,motion_token,1,0.2717805504798889,0.41606786847114563,31.14699935913086,4.209364414215088,0.08291421830654144,0.001409223536029458,58.83681061711151,0.07267344743013382,1.0,0.2717416286468506,-3.892183303833008e-05,,,,,,,,,,,,,,,,,,,,,,,,,
R0_base_ACT_handsout,R0_base_ACT_handsout,base,AGGREGATE,motion_token,3,0.2663007577260335,0.4169988731543223,51.92350641886393,4.123727321624756,0.11205389350652695,0.0012090020657827456,96.3406034890612,0.06783173233270645,1.0,0.26624803245067596,-5.272527535756429e-05,,,,,,,,0.01593303090926559,0.017897400248304822,16.230375517620942,0.3188148599559201,0.02078929445767228,0.00016944351569522364,27.471558902906526,0.003895886693499795,0.0,0.0159715348206628,3.850607741335486e-05,,,,,,,
R0_base_ACT_handsout,R0_base_ACT_handsout,base,bottle_cupnoodles_shelf,left_hand_joints,1,0.019089631736278534,0.11027364432811737,,0.41774773597717285,0.0020420001819729805,0.0,,0.00387992593459785,,0.01906745322048664,-2.2178515791893005e-05,0.0,,,,13.0,0.0,13.0,,,,,,,,,,,,,,,,,,
R0_base_ACT_handsout,R0_base_ACT_handsout,base,cup_wipe_sponge_dryingrack,left_hand_joints,1,0.01968098059296608,0.11675795167684555,,0.30253008008003235,0.0021571649704128504,0.0,,0.004807660821825266,,0.019734244793653488,5.326420068740845e-05,0.0,,,,5.0,0.0,5.0,,,,,,,,,,,,,,,,,,
R0_base_ACT_handsout,R0_base_ACT_handsout,base,floor_box_table,left_hand_joints,1,0.01350475661456585,0.09213493019342422,,0.31780529022216797,0.0018457903061062098,0.0,,0.004433448892086744,,0.013537727296352386,3.297068178653717e-05,0.0,,,,8.0,0.0,8.0,,,,,,,,,,,,,,,,,,
R0_base_ACT_handsout,R0_base_ACT_handsout,base,AGGREGATE,left_hand_joints,3,0.017425122981270153,0.10638884206612904,,0.3460277020931244,0.0020149851528306804,0.0,,0.004373678549503286,,0.017446475103497505,2.1352122227350872e-05,0.0,,,,8.666666666666666,0.0,8.666666666666666,0.0027826100103399507,0.010420878504371858,,0.05109569751272864,0.00012854546340416631,0.0,,0.00038109699170869394,,0.002777275021240294,3.1876261408942294e-05,0.0,,,,3.2998316455372216,0.0,3.2998316455372216
R0_base_ACT_handsout,R0_base_ACT_handsout,base,bottle_cupnoodles_shelf,right_hand_joints,1,0.009664314799010754,0.08136506378650665,,0.23593468964099884,0.002147870836779475,0.0,,0.0041143265552818775,,0.009622784331440926,-4.1530467569828033e-05,0.0,,,,4.0,0.0,4.0,,,,,,,,,,,,,,,,,,
R0_base_ACT_handsout,R0_base_ACT_handsout,base,cup_wipe_sponge_dryingrack,right_hand_joints,1,0.00860369112342596,0.07574624568223953,,0.2552911043167114,0.0022840697783976793,0.0,,0.006402340717613697,,0.008535534143447876,-6.815697997808456e-05,0.0,,,,6.0,0.0,6.0,,,,,,,,,,,,,,,,,,
R0_base_ACT_handsout,R0_base_ACT_handsout,base,floor_box_table,right_hand_joints,1,0.008985085412859917,0.07753255218267441,,0.16599522531032562,0.0022431937977671623,0.0,,0.00573767302557826,,0.008952181786298752,-3.2903626561164856e-05,0.0,,,,5.0,0.0,5.0,,,,,,,,,,,,,,,,,,
R0_base_ACT_handsout,R0_base_ACT_handsout,base,AGGREGATE,right_hand_joints,3,0.00908436377843221,0.07821462055047353,,0.2190736730893453,0.002225044804314772,0.0,,0.005418113432824612,,0.009036833420395851,-4.7530358036359153e-05,0.0,,,,5.0,0.0,5.0,0.0004386515630929091,0.0023440267583760086,,0.03835499890276907,5.706474333001604e-05,0.0,,0.0009610206212662324,,0.00044788589855692215,1.5004415927593657e-05,0.0,,,,0.816496580927726,0.0,0.816496580927726
R0_base_ACT_handsout,R0_base_ACT_handsout,base,bottle_cupnoodles_shelf,all,1,0.2343662679195404,0.3777064383029938,53.86248779296875,4.489974021911621,0.10704904794692993,0.0010034131119027734,106.68492037535039,0.05251949280500412,,0.23434904217720032,-1.722574234008789e-05,,,,,,,,,,,,,,,,,,,,,,,,,
R0_base_ACT_handsout,R0_base_ACT_handsout,base,cup_wipe_sponge_dryingrack,all,1,0.20326271653175354,0.341837614774704,70.76103210449219,3.7186789512634277,0.10151833295822144,0.0008163060992956161,124.36307047787683,0.05654488876461983,,0.20317502319812775,-8.769333362579346e-05,,,,,,,,,,,,,,,,,,,,,,,,,
R0_base_ACT_handsout,R0_base_ACT_handsout,base,floor_box_table,all,1,0.22501777112483978,0.3566156029701233,31.14699935913086,4.224606990814209,0.06839913874864578,0.0011562859872356057,59.154170770650985,0.06054228916764259,,0.22498582303524017,-3.1948089599609375e-05,,,,,,,,,,,,,,,,,,,,,,,,,
R0_base_ACT_handsout,R0_base_ACT_handsout,base,AGGREGATE,all,3,0.22088225185871124,0.3587198853492737,51.92350641886393,4.144419987996419,0.09232217321793239,0.0009920017328113317,96.73405387462607,0.05653555691242218,,0.22083662947018942,-4.562238852183024e-05,,,,,,,,0.013030339390145466,0.014718789093633597,16.230375517620942,0.31994425354763034,0.01706616312542819,0.0001390305619411272,27.535612799224058,0.0032752995467784174,,0.013060544150406807,3.034974128020424e-05,,,,,,,
R0_base_handsin,R0_base_handsin,base,bottle_cupnoodles_shelf,motion_token,1,0.055050384253263474,0.1876099407672882,9.238422393798828,1.9014654159545898,0.8273782730102539,0.0012229096610099077,676.5653256242864,0.0816781148314476,0.35217738500851786,0.05502782389521599,-2.256035804748535e-05,,,,,,,,,,,,,,,,,,,,,,,,,
R0_base_handsin,R0_base_handsin,base,cup_wipe_sponge_dryingrack,motion_token,1,0.04784395545721054,0.17598316073417664,15.2459135055542,1.7508907318115234,0.8019742369651794,0.0009948730003088713,806.1071480643219,0.07713524997234344,0.35685731857318576,0.04792596027255058,8.200481534004211e-05,,,,,,,,,,,,,,,,,,,,,,,,,
R0_base_handsin,R0_base_handsin,base,floor_box_table,motion_token,1,0.061203114688396454,0.191388338804245,4.606053829193115,1.9037065505981445,0.8268371224403381,0.001409223536029458,586.7324106507501,0.08013983070850372,0.35028316048034935,0.06175548955798149,0.0005523748695850372,,,,,,,,,,,,,,,,,,,,,,,,,
R0_base_handsin,R0_base_handsin,base,AGGREGATE,motion_token,3,0.054699151466290154,0.1849938134352366,9.696796576182047,1.8520208994547527,0.8187298774719238,0.0012090020657827456,689.8016281131195,0.07965106517076492,0.353105954687351,0.05490309124191602,0.00020393977562586466,,,,,,,,0.005459505911345747,0.006555555888240108,4.3557803473446075,0.07151568022367943,0.011850086570099252,0.00016944351569522364,90.04709372137933,0.001886544300245236,0.0027630381700509536,0.005646570566296397,0.00025005163453194223,,,,,,,
R0_base_handsin,R0_base_handsin,base,bottle_cupnoodles_shelf,left_hand_joints,1,0.05405598506331444,0.07149795442819595,,0.0,0.36052802205085754,0.0,,0.0379057414829731,,0.05583028495311737,0.0017742998898029327,0.0,,,,508.0,0.0,508.0,,,,,,,,,,,,,,,,,,
R0_base_handsin,R0_base_handsin,base,cup_wipe_sponge_dryingrack,left_hand_joints,1,0.05356942117214203,0.07023199647665024,1.658334493637085,1.0,0.40932124853134155,4.345681008999236e-05,9419.035766401177,0.04687492176890373,,0.04865967854857445,-0.004909742623567581,0.020833333333333332,1.0,0.04081632653061225,1.6666666666666667,141.0,3.0,144.0,,,,,,,,,,,,,,,,,,
R0_base_handsin,R0_base_handsin,base,floor_box_table,left_hand_joints,1,0.05053110420703888,0.06802148371934891,1.5077019929885864,1.0,0.3499130606651306,2.0969486286048777e-05,16686.77314703372,0.03139396756887436,,0.049879346042871475,-0.0006517581641674042,0.013605442176870748,0.6666666666666666,0.02666666666666666,2.0,145.0,3.0,147.0,,,,,,,,,,,,,,,,,,
R0_base_handsin,R0_base_handsin,base,AGGREGATE,left_hand_joints,3,0.052718836814165115,0.0699171448747317,1.5830182433128357,0.6666666666666666,0.37325411041577655,2.1475432125347044e-05,13052.90445671745,0.0387248769402504,,0.05145643651485443,-0.0012624002993106842,0.011479591836734693,0.8333333333333333,0.03374149659863945,1.8333333333333335,264.6666666666667,2.0,266.3333333333333,0.0015596616246824667,0.0014366189000081342,0.07531625032424927,0.4714045207910317,0.02586887692692448,1.7744775225281438e-05,3633.868690316272,0.006346559325538966,,0.0031326037966131373,0.0027627002422805315,0.00863698922063072,0.16666666666666669,0.007074829931972794,0.16666666666666663,172.0703990296478,1.4142135623730951,170.88852766903017
R0_base_handsin,R0_base_handsin,base,bottle_cupnoodles_shelf,right_hand_joints,1,0.23680314421653748,0.3281468152999878,2.0443358421325684,1.8927597999572754,1.353101134300232,0.00010643349378369749,12713.113947477008,0.12909682095050812,,0.23420441150665283,-0.0025987327098846436,0.010351966873706004,1.0,0.020491803278688523,0.4,478.0,5.0,483.0,,,,,,,,,,,,,,,,,,
R0_base_handsin,R0_base_handsin,base,cup_wipe_sponge_dryingrack,right_hand_joints,1,0.12652981281280518,0.19083327054977417,1.6146676540374756,1.300766944885254,1.2100070714950562,4.957460623700172e-05,24407.799947222287,0.10671751201152802,,0.12006165087223053,-0.006468161940574646,0.0070921985815602835,0.3333333333333333,0.013888888888888888,6.0,140.0,3.0,141.0,,,,,,,,,,,,,,,,,,
R0_base_handsin,R0_base_handsin,base,floor_box_table,right_hand_joints,1,0.12949004769325256,0.19844333827495575,1.4391705989837646,0.8263676762580872,1.4213285446166992,2.557596963015385e-05,55572.81171232566,0.12866640090942383,,0.1261780709028244,-0.0033119767904281616,0.006493506493506494,0.3333333333333333,0.012738853503184714,-5.0,153.0,3.0,154.0,,,,,,,,,,,,,,,,,,
R0_base_handsin,R0_base_handsin,base,AGGREGATE,right_hand_joints,3,0.16427433490753174,0.2391411413749059,1.6993913650512695,1.3399648070335388,1.3281455834706624,6.052802321695102e-05,30897.908535674986,0.12149357795715332,,0.16014804442723593,-0.004126290480295817,0.007979223982924262,0.5555555555555555,0.015706515223587375,0.4666666666666668,257.0,3.6666666666666665,259.3333333333333,0.051299849788431426,0.06301315088053162,0.2542175227173235,0.4362341837970848,0.08805784420285244,3.3906418376788235e-05,18089.215115476472,0.010449733935210747,,0.052425259670306965,0.001681358722771351,0.001695491998092005,0.31426968052735443,0.003416126624781663,4.490978611493144,156.36069412312887,0.9428090415820634,158.24523865050588
R0_base_handsin,R0_base_handsin,base,bottle_cupnoodles_shelf,all,1,0.07127229869365692,0.1898019164800644,8.717111587524414,2.682929515838623,0.8326616287231445,0.0010129647562280297,822.0045402405916,0.08200535178184509,,0.07117979228496552,-9.250640869140625e-05,,,,,,,,,,,,,,,,,,,,,,,,,
R0_base_handsin,R0_base_handsin,base,cup_wipe_sponge_dryingrack,all,1,0.055419329553842545,0.1678253412246704,14.833507537841797,2.399502754211426,0.8033544421195984,0.0008246550569310784,974.1702732161136,0.07707438617944717,,0.05446552112698555,-0.0009538084268569946,,,,,,,,,,,,,,,,,,,,,,,,,
R0_base_handsin,R0_base_handsin,base,floor_box_table,all,1,0.06637368351221085,0.1809500902891159,4.5111260414123535,2.3036887645721436,0.8373880982398987,0.0011604632018133998,721.5981488524175,0.08012015372514725,,0.06647119671106339,9.751319885253906e-05,,,,,,,,,,,,,,,,,,,,,,,,,
R0_base_handsin,R0_base_handsin,base,AGGREGATE,all,3,0.06435510391990344,0.1795257826646169,9.353915055592855,2.462040344874064,0.8244680563608805,0.000999361004990836,839.2576541030409,0.07973329722881317,,0.06403883670767148,-0.0003162672122319539,,,,,,,,0.006627475905392475,0.009028250260373575,4.238083602460373,0.1610157332679154,0.015053757189274616,0.00013743016184743708,103.83134387027384,0.002031559155685566,,0.007036997298810326,0.00045743557875907,,,,,,,
R0_base_handsout,R0_base_handsout,base,bottle_cupnoodles_shelf,motion_token,1,0.056575991213321686,0.1897881180047989,9.616661071777344,1.8170348405838013,0.8467236757278442,0.0012229096610099077,692.3844849083945,0.08609817177057266,0.3454322827938671,0.05656087026000023,-1.512095332145691e-05,,,,,,,,,,,,,,,,,,,,,,,,,
R0_base_handsout,R0_base_handsout,base,cup_wipe_sponge_dryingrack,motion_token,1,0.05089138448238373,0.18021267652511597,16.741920471191406,1.579746127128601,0.8421910405158997,0.0009948730003088713,846.5312057462917,0.08580556511878967,0.3481319188191882,0.05112520977854729,0.00023382529616355896,,,,,,,,,,,,,,,,,,,,,,,,,
R0_base_handsout,R0_base_handsout,base,floor_box_table,motion_token,1,0.06309719383716583,0.19396021962165833,4.629345417022705,1.7225340604782104,0.8558376431465149,0.001409223536029458,607.3114883944322,0.08677145838737488,0.34538755458515286,0.06370315700769424,0.0006059631705284119,,,,,,,,,,,,,,,,,,,,,,,,,
R0_base_handsout,R0_base_handsout,base,AGGREGATE,motion_token,3,0.056854856510957084,0.18798700471719107,10.329308986663818,1.7064383427302043,0.8482507864634196,0.0012090020657827456,715.4090596830396,0.08622506509224574,0.3463172520660694,0.05712974568208059,0.00027488917112350464,,,,,,,,0.004986900833984339,0.005755098730917972,4.970547850332094,0.09753900922425392,0.005674885680993101,0.00016944351569522364,99.00880962534191,0.0004044039959318509,0.0012832930872874856,0.005150657146370531,0.0002552137059990239,,,,,,,
R0_base_handsout,R0_base_handsout,base,bottle_cupnoodles_shelf,left_hand_joints,1,0.0,0.0,,0.0,0.0,0.0,,0.0,,0.0,0.0,,,,,0.0,0.0,0.0,,,,,,,,,,,,,,,,,,
R0_base_handsout,R0_base_handsout,base,cup_wipe_sponge_dryingrack,left_hand_joints,1,0.0,0.0,,0.0,0.0,0.0,,0.0,,0.0,0.0,,,,,0.0,0.0,0.0,,,,,,,,,,,,,,,,,,
R0_base_handsout,R0_base_handsout,base,floor_box_table,left_hand_joints,1,0.0,0.0,,0.0,0.0,0.0,,0.0,,0.0,0.0,,,,,0.0,0.0,0.0,,,,,,,,,,,,,,,,,,
R0_base_handsout,R0_base_handsout,base,AGGREGATE,left_hand_joints,3,0.0,0.0,,0.0,0.0,0.0,,0.0,,0.0,0.0,,,,,0.0,0.0,0.0,0.0,0.0,,0.0,0.0,0.0,,0.0,,0.0,0.0,,,,,0.0,0.0,0.0
R0_base_handsout,R0_base_handsout,base,bottle_cupnoodles_shelf,right_hand_joints,1,0.0,0.0,,0.0,0.0,0.0,,0.0,,0.0,0.0,,,,,0.0,0.0,0.0,,,,,,,,,,,,,,,,,,
R0_base_handsout,R0_base_handsout,base,cup_wipe_sponge_dryingrack,right_hand_joints,1,0.0,0.0,,0.0,0.0,0.0,,0.0,,0.0,0.0,,,,,0.0,0.0,0.0,,,,,,,,,,,,,,,,,,
R0_base_handsout,R0_base_handsout,base,floor_box_table,right_hand_joints,1,0.0,0.0,,0.0,0.0,0.0,,0.0,,0.0,0.0,,,,,0.0,0.0,0.0,,,,,,,,,,,,,,,,,,
R0_base_handsout,R0_base_handsout,base,AGGREGATE,right_hand_joints,3,0.0,0.0,,0.0,0.0,0.0,,0.0,,0.0,0.0,,,,,0.0,0.0,0.0,0.0,0.0,,0.0,0.0,0.0,,0.0,,0.0,0.0,,,,,0.0,0.0,0.0
R0_base_handsout,R0_base_handsout,base,bottle_cupnoodles_shelf,all,1,0.04642133042216301,0.15572360157966614,9.616661071777344,1.8170348405838013,0.6947476863861084,0.0010034131119027734,692.384500605795,0.07064465433359146,,0.046408917754888535,-1.2412667274475098e-05,,,,,,,,,,,,,,,,,,,,,,,,,
R0_base_handsout,R0_base_handsout,base,cup_wipe_sponge_dryingrack,all,1,0.04175702854990959,0.14786680042743683,16.741920471191406,1.579746127128601,0.6910285949707031,0.0008163060992956161,846.5312161295695,0.07040457427501678,,0.041948895901441574,0.00019186735153198242,,,,,,,,,,,,,,,,,,,,,,,,,
R0_base_handsout,R0_base_handsout,base,floor_box_table,all,1,0.05177205801010132,0.15914683043956757,4.629345417022705,1.7225340604782104,0.7022258043289185,0.0011562859872356057,607.3115233436038,0.07119709998369217,,0.05226925387978554,0.0004971958696842194,,,,,,,,,,,,,,,,,,,,,,,,,
R0_base_handsout,R0_base_handsout,base,AGGREGATE,all,3,0.046650138994057976,0.15424574414889017,10.329308986663818,1.7064383427302043,0.6960006952285767,0.0009920017328113317,715.4090800263228,0.07074877619743347,,0.046875689178705215,0.00022555018464724222,,,,,,,,0.004091818568318697,0.004722133430835215,4.970547850332094,0.09753900922425392,0.00465631454567551,0.0001390305619411272,99.00880027308045,0.00033181849619463724,,0.00422617667021946,0.000209405691056536,,,,,,,
R1_handsout@D1,R1_handsout,D1,bottle_cupnoodles_shelf,motion_token,1,0.006762271746993065,0.06431157141923904,1.1210026741027832,0.6002434492111206,0.0026904435362666845,0.0012229096610099077,2.2000345749536825,0.00011708968668244779,0.04154067291311755,0.00721953297033906,0.00045726122334599495,,,,,,,,,,,,,,,,,,,,,,,,,
R1_handsout@D1,R1_handsout,D1,cup_wipe_sponge_dryingrack,motion_token,1,0.0015325996791943908,0.0300510935485363,0.4595758020877838,0.30167046189308167,0.0006610300042666495,0.0009948730003088713,0.6644365703576478,2.6737689040601254e-05,0.04891220787207872,0.001762319472618401,0.00022971979342401028,,,,,,,,,,,,,,,,,,,,,,,,,
R1_handsout@D1,R1_handsout,D1,floor_box_table,motion_token,1,0.00429856963455677,0.048729751259088516,0.4963305592536926,0.5170118808746338,0.001350998878479004,0.001409223536029458,0.9586831641241925,5.320606578607112e-05,0.06224413209606987,0.004931006580591202,0.0006324369460344315,,,,,,,,,,,,,,,,,,,,,,,,,
R1_handsout@D1,R1_handsout,D1,AGGREGATE,motion_token,3,0.004197813686914742,0.047697472075621285,0.6923030118147532,0.47297526399294537,0.001567490806337446,0.0012090020657827456,1.274384769811841,6.567781383637339e-05,0.05089900429375538,0.004637619674516221,0.0004398059876014789,,,,,,,,0.0021361930788074608,0.014005815130787472,0.3035075818690361,0.12580639864170376,0.0008425284909473835,0.00016944351569522364,0.665465218627866,3.792562233319953e-05,0.008568112415654281,0.002237536099882834,0.00016487124308144985,,,,,,,
R1_handsout@D1,R1_handsout,D1,bottle_cupnoodles_shelf,left_hand_joints,1,0.0,0.0,,0.0,0.0,0.0,,0.0,,0.0,0.0,,,,,0.0,0.0,0.0,,,,,,,,,,,,,,,,,,
R1_handsout@D1,R1_handsout,D1,cup_wipe_sponge_dryingrack,left_hand_joints,1,0.0,0.0,,0.0,0.0,0.0,,0.0,,0.0,0.0,,,,,0.0,0.0,0.0,,,,,,,,,,,,,,,,,,
R1_handsout@D1,R1_handsout,D1,floor_box_table,left_hand_joints,1,0.0,0.0,,0.0,0.0,0.0,,0.0,,0.0,0.0,,,,,0.0,0.0,0.0,,,,,,,,,,,,,,,,,,
R1_handsout@D1,R1_handsout,D1,AGGREGATE,left_hand_joints,3,0.0,0.0,,0.0,0.0,0.0,,0.0,,0.0,0.0,,,,,0.0,0.0,0.0,0.0,0.0,,0.0,0.0,0.0,,0.0,,0.0,0.0,,,,,0.0,0.0,0.0
R1_handsout@D1,R1_handsout,D1,bottle_cupnoodles_shelf,right_hand_joints,1,0.0,0.0,,0.0,0.0,0.0,,0.0,,0.0,0.0,,,,,0.0,0.0,0.0,,,,,,,,,,,,,,,,,,
R1_handsout@D1,R1_handsout,D1,cup_wipe_sponge_dryingrack,right_hand_joints,1,0.0,0.0,,0.0,0.0,0.0,,0.0,,0.0,0.0,,,,,0.0,0.0,0.0,,,,,,,,,,,,,,,,,,
R1_handsout@D1,R1_handsout,D1,floor_box_table,right_hand_joints,1,0.0,0.0,,0.0,0.0,0.0,,0.0,,0.0,0.0,,,,,0.0,0.0,0.0,,,,,,,,,,,,,,,,,,
R1_handsout@D1,R1_handsout,D1,AGGREGATE,right_hand_joints,3,0.0,0.0,,0.0,0.0,0.0,,0.0,,0.0,0.0,,,,,0.0,0.0,0.0,0.0,0.0,,0.0,0.0,0.0,,0.0,,0.0,0.0,,,,,0.0,0.0,0.0
R1_handsout@D1,R1_handsout,D1,bottle_cupnoodles_shelf,all,1,0.00554853118956089,0.05276847258210182,1.1210026741027832,0.6002434492111206,0.0022075439337641,0.0010034131119027734,2.200034968227525,9.607359970686957e-05,,0.005923720542341471,0.0003751893527805805,,,,,,,,,,,,,,,,,,,,,,,,,
R1_handsout@D1,R1_handsout,D1,cup_wipe_sponge_dryingrack,all,1,0.0012575177242979407,0.02465730533003807,0.4595758020877838,0.30167046189308167,0.0005423835827969015,0.0008163060992956161,0.6644365186844982,2.193861837440636e-05,,0.0014460060046985745,0.0001884882804006338,,,,,,,,,,,,,,,,,,,,,,,,,
R1_handsout@D1,R1_handsout,D1,floor_box_table,all,1,0.0035270319785922766,0.03998338058590889,0.4963305592536926,0.5170118808746338,0.0011085118167102337,0.0011562859872356057,0.9586830844161761,4.365626591606997e-05,,0.004045953508466482,0.0005189215298742056,,,,,,,,,,,,,,,,,,,,,,,,,
R1_handsout@D1,R1_handsout,D1,AGGREGATE,all,3,0.0034443602974837026,0.03913638616601626,0.6923030118147532,0.47297526399294537,0.0012861464444237451,0.0009920017328113317,1.2743848571093996,5.388949466578197e-05,,0.0038052266851688423,0.00036086638768513996,,,,,,,,0.0017527740099453732,0.011491953147858789,0.3035075818690361,0.12580639864170376,0.0006913056701298346,0.0001390305619411272,0.665465429365528,3.111846281844179e-05,,0.0018359273628960858,0.00013527846240566122,,,,,,,
R1_handsout@D2,R1_handsout,D2,bottle_cupnoodles_shelf,motion_token,1,0.00715361163020134,0.06306231021881104,1.1902613639831543,0.664384126663208,0.005717487074434757,0.0012229096610099077,4.675314339828766,0.0004849368706345558,1.0,0.0073930732905864716,0.00023946166038513184,,,,,,,,,,,,,,,,,,,,,,,,,
R1_handsout@D2,R1_handsout,D2,cup_wipe_sponge_dryingrack,motion_token,1,0.0018363099079579115,0.02656298130750656,0.5550801753997803,0.33071890473365784,0.002422116231173277,0.0009948730003088713,2.4345984165027086,0.00020141601271461695,1.0,0.002055375836789608,0.0002190659288316965,,,,,,,,,,,,,,,,,,,,,,,,,
R1_handsout@D2,R1_handsout,D2,floor_box_table,motion_token,1,0.004578436259180307,0.04670868441462517,0.5328666567802429,0.5796011686325073,0.003521654987707734,0.001409223536029458,2.499003811439407,0.0003190473944414407,1.0,0.005314522888511419,0.0007360866293311119,,,,,,,,,,,,,,,,,,,,,,,,,
R1_handsout@D2,R1_handsout,D2,AGGREGATE,motion_token,3,0.00452278593244652,0.04544465864698092,0.7594027320543925,0.524901400009791,0.0038870860977719226,0.0012090020657827456,3.2029721892569607,0.0003351334259302045,1.0,0.0049209906719625,0.00039820473951598007,,,,,,,,0.002171135973093719,0.014927571215703468,0.30479799937336455,0.14160312754751808,0.0013699202338838391,0.00016944351569522364,1.041435089987864,0.00011630445541969481,0.0,0.0021968013460732416,0.0002390636248159105,,,,,,,
R1_handsout@D2,R1_handsout,D2,bottle_cupnoodles_shelf,left_hand_joints,1,0.0,0.0,,0.0,0.0,0.0,,0.0,,0.0,0.0,,,,,0.0,0.0,0.0,,,,,,,,,,,,,,,,,,
R1_handsout@D2,R1_handsout,D2,cup_wipe_sponge_dryingrack,left_hand_joints,1,0.0,0.0,,0.0,0.0,0.0,,0.0,,0.0,0.0,,,,,0.0,0.0,0.0,,,,,,,,,,,,,,,,,,
R1_handsout@D2,R1_handsout,D2,floor_box_table,left_hand_joints,1,0.0,0.0,,0.0,0.0,0.0,,0.0,,0.0,0.0,,,,,0.0,0.0,0.0,,,,,,,,,,,,,,,,,,
R1_handsout@D2,R1_handsout,D2,AGGREGATE,left_hand_joints,3,0.0,0.0,,0.0,0.0,0.0,,0.0,,0.0,0.0,,,,,0.0,0.0,0.0,0.0,0.0,,0.0,0.0,0.0,,0.0,,0.0,0.0,,,,,0.0,0.0,0.0
R1_handsout@D2,R1_handsout,D2,bottle_cupnoodles_shelf,right_hand_joints,1,0.0,0.0,,0.0,0.0,0.0,,0.0,,0.0,0.0,,,,,0.0,0.0,0.0,,,,,,,,,,,,,,,,,,
R1_handsout@D2,R1_handsout,D2,cup_wipe_sponge_dryingrack,right_hand_joints,1,0.0,0.0,,0.0,0.0,0.0,,0.0,,0.0,0.0,,,,,0.0,0.0,0.0,,,,,,,,,,,,,,,,,,
R1_handsout@D2,R1_handsout,D2,floor_box_table,right_hand_joints,1,0.0,0.0,,0.0,0.0,0.0,,0.0,,0.0,0.0,,,,,0.0,0.0,0.0,,,,,,,,,,,,,,,,,,
R1_handsout@D2,R1_handsout,D2,AGGREGATE,right_hand_joints,3,0.0,0.0,,0.0,0.0,0.0,,0.0,,0.0,0.0,,,,,0.0,0.0,0.0,0.0,0.0,,0.0,0.0,0.0,,0.0,,0.0,0.0,,,,,0.0,0.0,0.0
R1_handsout@D2,R1_handsout,D2,bottle_cupnoodles_shelf,all,1,0.005869629792869091,0.051743436604738235,1.1902613639831543,0.664384126663208,0.00469127157703042,0.0010034131119027734,4.675314206463136,0.0003978969471063465,,0.006066111382097006,0.0001964815892279148,,,,,,,,,,,,,,,,,,,,,,,,,
R1_handsout@D2,R1_handsout,D2,cup_wipe_sponge_dryingrack,all,1,0.0015067157801240683,0.02179526537656784,0.5550801753997803,0.33071890473365784,0.0019873774144798517,0.0008163060992956161,2.434598266746682,0.0001652644423302263,,0.0016864622011780739,0.00017974642105400562,,,,,,,,,,,,,,,,,,,,,,,,,
R1_handsout@D2,R1_handsout,D2,floor_box_table,all,1,0.003756665624678135,0.038325075060129166,0.5328666567802429,0.5796011686325073,0.0028895630966871977,0.0011562859872356057,2.4990038179009932,0.0002617825230117887,,0.004360634367913008,0.0006039687432348728,,,,,,,,,,,,,,,,,,,,,,,,,
R1_handsout@D2,R1_handsout,D2,AGGREGATE,all,3,0.003711003732557098,0.037287925680478416,0.7594027320543925,0.524901400009791,0.0031894040293991566,0.0009920017328113317,3.202972097036937,0.0002749813041494538,,0.0040377359837293625,0.0003267322511722644,,,,,,,,0.001781444811933238,0.012248265158917696,0.30479799937336455,0.14160312754751808,0.0011240371729517203,0.0001390305619411272,1.0414350625129616,9.54292982168575e-05,,0.0018025036776406819,0.00019615482127108644,,,,,,,
R1_handsout,R1_handsout,plain,bottle_cupnoodles_shelf,motion_token,1,0.008676768280565739,0.07152064889669418,1.3686635494232178,0.6466811299324036,0.0012941937893629074,0.0012229096610099077,1.0582905922046044,0.006222570780664682,0.04230195911413969,0.008211521431803703,-0.00046524684876203537,,,,,,,,,,,,,,,,,,,,,,,,,
R1_handsout,R1_handsout,plain,cup_wipe_sponge_dryingrack,motion_token,1,0.002221458125859499,0.035578954964876175,0.6516561508178711,0.2925648093223572,0.000466314289951697,0.0009948730003088713,0.4687174039369082,0.0018952261889353395,0.05262146371463715,0.0021616287995129824,-5.982932634651661e-05,,,,,,,,,,,,,,,,,,,,,,,,,
R1_handsout,R1_handsout,plain,floor_box_table,motion_token,1,0.006192190106958151,0.05535610392689705,0.5814056992530823,0.5697623491287231,0.0014904573326930404,0.001409223536029458,1.0576443655578318,0.008843704126775265,0.06371110807860263,0.007028770167380571,0.0008365800604224205,,,,,,,,,,,,,,,,,,,,,,,,,
R1_handsout,R1_handsout,plain,AGGREGATE,motion_token,3,0.005696805504461129,0.0541519025961558,0.8672417998313904,0.5030027627944946,0.0010836551373358816,0.0012090020657827456,0.8615507872331148,0.005653833698791762,0.05287817696912648,0.005800640132899086,0.00010383462843795617,,,,,,,,0.002658547438816508,0.014697821069937318,0.355716750340362,0.1520794176436274,0.0004438183832732274,0.00016944351569522364,0.27777527448902295,0.00286506926203481,0.008742133268141286,0.0026180817089054608,0.000543922631104191,,,,,,,
R1_handsout,R1_handsout,plain,bottle_cupnoodles_shelf,left_hand_joints,1,0.0,0.0,,0.0,0.0,0.0,,0.0,,0.0,0.0,,,,,0.0,0.0,0.0,,,,,,,,,,,,,,,,,,
R1_handsout,R1_handsout,plain,cup_wipe_sponge_dryingrack,left_hand_joints,1,0.0,0.0,,0.0,0.0,0.0,,0.0,,0.0,0.0,,,,,0.0,0.0,0.0,,,,,,,,,,,,,,,,,,
R1_handsout,R1_handsout,plain,floor_box_table,left_hand_joints,1,0.0,0.0,,0.0,0.0,0.0,,0.0,,0.0,0.0,,,,,0.0,0.0,0.0,,,,,,,,,,,,,,,,,,
R1_handsout,R1_handsout,plain,AGGREGATE,left_hand_joints,3,0.0,0.0,,0.0,0.0,0.0,,0.0,,0.0,0.0,,,,,0.0,0.0,0.0,0.0,0.0,,0.0,0.0,0.0,,0.0,,0.0,0.0,,,,,0.0,0.0,0.0
R1_handsout,R1_handsout,plain,bottle_cupnoodles_shelf,right_hand_joints,1,0.0,0.0,,0.0,0.0,0.0,,0.0,,0.0,0.0,,,,,0.0,0.0,0.0,,,,,,,,,,,,,,,,,,
R1_handsout,R1_handsout,plain,cup_wipe_sponge_dryingrack,right_hand_joints,1,0.0,0.0,,0.0,0.0,0.0,,0.0,,0.0,0.0,,,,,0.0,0.0,0.0,,,,,,,,,,,,,,,,,,
R1_handsout,R1_handsout,plain,floor_box_table,right_hand_joints,1,0.0,0.0,,0.0,0.0,0.0,,0.0,,0.0,0.0,,,,,0.0,0.0,0.0,,,,,,,,,,,,,,,,,,
R1_handsout,R1_handsout,plain,AGGREGATE,right_hand_joints,3,0.0,0.0,,0.0,0.0,0.0,,0.0,,0.0,0.0,,,,,0.0,0.0,0.0,0.0,0.0,,0.0,0.0,0.0,,0.0,,0.0,0.0,,,,,0.0,0.0,0.0
R1_handsout,R1_handsout,plain,bottle_cupnoodles_shelf,all,1,0.007119400426745415,0.0586836151778698,1.3686635494232178,0.6466811299324036,0.001061902497895062,0.0010034131119027734,1.0582904342174433,0.005105698946863413,,0.006737658753991127,-0.0003817416727542877,,,,,,,,,,,,,,,,,,,,,,,,,
R1_handsout,R1_handsout,plain,cup_wipe_sponge_dryingrack,all,1,0.001822735066525638,0.029192989692091942,0.6516561508178711,0.2925648093223572,0.0003826168831437826,0.0008163060992956161,0.46871741308063186,0.0015550574753433466,,0.0017736441222950816,-4.909094423055649e-05,,,,,,,,,,,,,,,,,,,,,,,,,
R1_handsout,R1_handsout,plain,floor_box_table,all,1,0.005080771166831255,0.045420389622449875,0.5814056992530823,0.5697623491287231,0.0012229392305016518,0.0011562859872356057,1.057644254104815,0.007256371900439262,,0.005767195951193571,0.0006864247843623161,,,,,,,,,,,,,,,,,,,,,,,,,
R1_handsout,R1_handsout,plain,AGGREGATE,all,3,0.004674302220034103,0.044432331497470536,0.8672417998313904,0.5030027627944946,0.0008891528705134988,0.0009920017328113317,0.8615507004676299,0.004639042774215341,,0.004759499609159927,8.519738912582397e-05,,,,,,,,0.002181372463698151,0.012059752402913194,0.355716750340362,0.1520794176436274,0.0003641586075577614,0.0001390305619411272,0.27777520665295935,0.0023508257458539406,,0.002148169647899361,0.0004462958005508493,,,,,,,
R1b_handsin@D1,R1b_handsin,D1,bottle_cupnoodles_shelf,motion_token,1,0.006915186997503042,0.06492955982685089,1.1788949966430664,0.4435592293739319,0.0026356664020568132,0.0012229096610099077,2.155242113207461,0.0001241896243300289,0.04265864565587734,0.007238924968987703,0.0003237379714846611,,,,,,,,,,,,,,,,,,,,,,,,,
R1b_handsin@D1,R1b_handsin,D1,cup_wipe_sponge_dryingrack,motion_token,1,0.001609042752534151,0.030763870105147362,0.4851181209087372,0.3146795630455017,0.000765649601817131,0.0009948730003088713,0.7695953167684972,2.8493441277532838e-05,0.04952721402214022,0.0017860566731542349,0.0001770139206200838,,,,,,,,,,,,,,,,,,,,,,,,,
R1b_handsin@D1,R1b_handsin,D1,floor_box_table,motion_token,1,0.004388649482280016,0.049292679876089096,0.5034719705581665,0.5280570387840271,0.0014413960743695498,0.001409223536029458,1.0228299751725258,5.260745820123702e-05,0.0658092248908297,0.00545452581718564,0.0010658763349056244,,,,,,,,,,,,,,,,,,,,,,,,,
R1b_handsin@D1,R1b_handsin,D1,AGGREGATE,motion_token,3,0.00430429307743907,0.04832870326936245,0.72249502936999,0.42876527706782025,0.001614237359414498,0.0012090020657827456,1.3158891350494946,6.843017460293292e-05,0.05266502818961575,0.004826502486442526,0.0005222094090034565,,,,,,,,0.0021670454062897694,0.013964730018005281,0.322810484695884,0.08773685108232411,0.000773152115544609,0.00016944351569522364,0.6024488993606217,4.063831220618117e-05,0.009708131919192264,0.0022699857768856474,0.0003890692153635929,,,,,,,
R1b_handsin@D1,R1b_handsin,D1,bottle_cupnoodles_shelf,left_hand_joints,1,2.5101378469116753e-06,0.000263996422290802,,0.001704827300272882,9.300709280068986e-06,0.0,,1.3439706663120887e-06,,1.7680108612694312e-06,-7.421269856422441e-07,0.0,,,,235.0,0.0,235.0,,,,,,,,,,,,,,,,,,
R1b_handsin@D1,R1b_handsin,D1,cup_wipe_sponge_dryingrack,left_hand_joints,1,0.0015424380544573069,0.004678469151258469,0.04774889722466469,0.0030691928695887327,4.4317723222775385e-05,4.345681008999236e-05,1.0198107760555872,2.488462268956937e-05,,0.0014353386359289289,-0.00010709941852837801,1.0,1.0,1.0,0.0,0.0,3.0,3.0,,,,,,,,,,,,,,,,,,
R1b_handsin@D1,R1b_handsin,D1,floor_box_table,left_hand_joints,1,0.0035723629407584667,0.006948818452656269,0.10658907145261765,0.010774175636470318,8.24450034997426e-05,2.0969486286048777e-05,3.9316653910875314,4.3712625483749434e-06,,0.0037761577405035496,0.00020379479974508286,0.3333333333333333,0.3333333333333333,0.3333333333333333,0.0,2.0,3.0,3.0,,,,,,,,,,,,,,,,,,
R1b_handsin@D1,R1b_handsin,D1,AGGREGATE,left_hand_joints,3,0.0017057703776875617,0.003963761342068513,0.07716898433864117,0.005182731935443978,4.535447866752899e-05,2.1475432125347044e-05,2.4757380835715592,1.0199951968085466e-05,,0.0017377547957645827,3.198441807702087e-05,0.4444444444444444,0.6666666666666666,0.6666666666666666,0.0,79.0,2.0,80.33333333333333,0.0014619553902160663,0.0027754659469240717,0.02942008711397648,0.00399278978059151,2.9870030583766446e-05,1.7744775225281438e-05,1.455927307515972,1.04569208241434e-05,,0.0015556555120172736,0.00012901440178721772,0.41573970964154905,0.33333333333333337,0.33333333333333337,0.0,110.31167964756345,1.4142135623730951,109.36584882351936
R1b_handsin@D1,R1b_handsin,D1,bottle_cupnoodles_shelf,right_hand_joints,1,0.03696609288454056,0.10813260823488235,0.3194655478000641,0.0119837811216712,0.0004590915923472494,0.00010643349378369749,4.313412780381441,3.959144669352099e-05,,0.03648282587528229,-0.00048326700925827026,0.3333333333333333,0.2,0.25,0.0,2.0,5.0,3.0,,,,,,,,,,,,,,,,,,
R1b_handsin@D1,R1b_handsin,D1,cup_wipe_sponge_dryingrack,right_hand_joints,1,0.0009649918647482991,0.0041118101216852665,0.02931096777319908,0.0012054949766024947,6.499521987279877e-05,4.957460623700172e-05,1.3110587215171332,1.1951325177506078e-05,,0.0008795951143838465,-8.53967503644526e-05,0.6666666666666666,0.6666666666666666,0.6666666666666666,4.0,1.0,3.0,3.0,,,,,,,,,,,,,,,,,,
R1b_handsin@D1,R1b_handsin,D1,floor_box_table,right_hand_joints,1,0.0030182721093297005,0.006200231146067381,0.09306362271308899,0.005032312590628862,0.0001084849500330165,2.557596963015385e-05,4.2416749629352735,3.662304152385332e-05,,0.0029765197541564703,-4.175235517323017e-05,0.3333333333333333,0.3333333333333333,0.3333333333333333,0.0,2.0,3.0,3.0,,,,,,,,,,,,,,,,,,
R1b_handsin@D1,R1b_handsin,D1,AGGREGATE,right_hand_joints,3,0.01364978561953952,0.03948154983421167,0.14728004609545073,0.006073862896300852,0.00021085725408435488,6.052802321695102e-05,3.288715488277949,2.9388604464960128e-05,,0.013446313581274202,-0.00020347203826531768,0.4444444444444444,0.39999999999999997,0.4166666666666667,1.3333333333333333,1.6666666666666667,3.6666666666666665,3.0,0.016508414587671185,0.04855111560848691,0.12450431184212919,0.00446142603029413,0.00017642383470299584,3.3906418376788235e-05,1.398721152564994,1.238942799390763e-05,,0.016311753374795134,0.0001986456269383787,0.15713484026367722,0.19626135258506325,0.1800205749557739,1.8856180831641267,0.4714045207910317,0.9428090415820634,0.0
R1b_handsin@D1,R1b_handsin,D1,bottle_cupnoodles_shelf,all,1,0.008991694077849388,0.06300342082977295,1.1166175603866577,0.4437243640422821,0.002204633317887783,0.0010129647562280297,2.176416607125762,0.00010557286441326141,,0.009213888086378574,0.00022219400852918625,,,,,,,,,,,,,,,,,,,,,,,,,
R1b_handsin@D1,R1b_handsin,D1,cup_wipe_sponge_dryingrack,all,1,0.0015452657826244831,0.026031021028757095,0.47158512473106384,0.3146968185901642,0.0006380353588610888,0.0008246550569310784,0.7736996863094643,2.6685025659389794e-05,,0.0016732328804209828,0.00012796709779649973,,,,,,,,,,,,,,,,,,,,,,,,,
R1b_handsin@D1,R1b_handsin,D1,floor_box_table,all,1,0.0041924105025827885,0.04162532091140747,0.4912402927875519,0.5281909108161926,0.0011998189147561789,0.0011604632018133998,1.0339137965609593,4.684407031163573e-05,,0.005081518087536097,0.0008891075849533081,,,,,,,,,,,,,,,,,,,,,,,,,
R1b_handsin@D1,R1b_handsin,D1,AGGREGATE,all,3,0.0049097901210188866,0.043553254256645836,0.6931476593017578,0.42887069781621295,0.001347495863835017,0.000999361004990836,1.3280100299987285,5.970065346142898e-05,,0.0053228796847785515,0.0004130895637596647,,,,,,,,0.0030820230073435166,0.015155357292594606,0.2995459333184961,0.08778916183721308,0.0006480296558407268,0.00013743016184743708,0.6092471506582534,3.3464325019637184e-05,,0.003083186857701125,0.00033878660446992327,,,,,,,
R1b_handsin@D2,R1b_handsin,D2,bottle_cupnoodles_shelf,motion_token,1,0.007366745732724667,0.06384589523077011,1.2607414722442627,0.4635123908519745,0.005610384047031403,0.0012229096610099077,4.587733849774492,0.0004598539089784026,1.0,0.007354143541306257,-1.2602191418409348e-05,,,,,,,,,,,,,,,,,,,,,,,,,
R1b_handsin@D2,R1b_handsin,D2,cup_wipe_sponge_dryingrack,motion_token,1,0.0018785764696076512,0.027176786214113235,0.5669519901275635,0.33071890473365784,0.002541549038141966,0.0009948730003088713,2.554646711040413,0.00018310546875,1.0,0.002064384752884507,0.00018580828327685595,,,,,,,,,,,,,,,,,,,,,,,,,
R1b_handsin@D2,R1b_handsin,D2,floor_box_table,motion_token,1,0.0047181639820337296,0.047575436532497406,0.5500475168228149,0.5762215256690979,0.003696938743814826,0.001409223536029458,2.6233870278884885,0.00030517578125,1.0,0.0058260587975382805,0.001107894815504551,,,,,,,,,,,,,,,,,,,,,,,,,
R1b_handsin@D2,R1b_handsin,D2,AGGREGATE,motion_token,3,0.0046544953947886825,0.046199372659126915,0.7925803263982137,0.4568176070849101,0.003949623942996065,0.0012090020657827456,3.2552558629011314,0.0003160450529928009,1.0,0.005081529030576348,0.00042703363578766584,,,,,,,,0.0022409879862695867,0.015001689968279422,0.33111184833762936,0.10033776065140648,0.0012655234583260541,0.00016944351569522364,0.942622051130659,0.00011324319138731939,0.0,0.0022227806070086445,0.0004882080421646094,,,,,,,
R1b_handsin@D2,R1b_handsin,D2,bottle_cupnoodles_shelf,left_hand_joints,1,2.399100367256324e-06,0.0002496576926205307,,0.001704827300272882,1.0622111403790768e-05,0.0,,9.092881896322069e-07,,1.5628627352270996e-06,-8.362376320292242e-07,0.0,,,,236.0,0.0,236.0,,,,,,,,,,,,,,,,,,
R1b_handsin@D2,R1b_handsin,D2,cup_wipe_sponge_dryingrack,left_hand_joints,1,0.0016692685894668102,0.004730728454887867,0.051675181835889816,0.0012054949766024947,4.502728916122578e-05,4.345681008999236e-05,1.0361388483871965,1.8473414456821047e-05,,0.0014578655827790499,-0.00021140300668776035,1.0,1.0,1.0,-1.0,0.0,3.0,3.0,,,,,,,,,,,,,,,,,,
R1b_handsin@D2,R1b_handsin,D2,floor_box_table,left_hand_joints,1,0.003479646984487772,0.006795383524149656,0.10382283478975296,0.01171875,7.00720920576714e-05,2.0969486286048777e-05,3.3416217785120996,5.022643563279416e-06,,0.003782212734222412,0.0003025657497346401,0.3333333333333333,0.3333333333333333,0.3333333333333333,0.0,2.0,3.0,3.0,,,,,,,,,,,,,,,,,,
R1b_handsin@D2,R1b_handsin,D2,AGGREGATE,left_hand_joints,3,0.0017171048914406128,0.003925256557219352,0.07774900831282139,0.004876357425625126,4.190716420756265e-05,2.1475432125347044e-05,2.188880313449648,8.135115403244223e-06,,0.0017472137265788963,3.0108835138283514e-05,0.4444444444444444,0.6666666666666666,0.6666666666666666,-0.5,79.33333333333333,2.0,80.66666666666667,0.001419983437871735,0.002732303106518651,0.026073826476931572,0.004842594710742085,2.4370425173852955e-05,1.7744775225281438e-05,1.1527414650624517,7.500677462663786e-06,,0.001556945754553731,0.00021096471867932038,0.41573970964154905,0.33333333333333337,0.33333333333333337,0.5,110.78307131005572,1.4142135623730951,109.83725334431037
R1b_handsin@D2,R1b_handsin,D2,bottle_cupnoodles_shelf,right_hand_joints,1,0.0368647426366806,0.1081600934267044,0.3185878396034241,0.0119837811216712,0.00044250895734876394,0.00010643349378369749,4.157609993035326,3.9328228012891486e-05,,0.03645345941185951,-0.0004112832248210907,0.3333333333333333,0.2,0.25,0.0,2.0,5.0,3.0,,,,,,,,,,,,,,,,,,
R1b_handsin@D2,R1b_handsin,D2,cup_wipe_sponge_dryingrack,right_hand_joints,1,0.0009006623295135796,0.0038906943518668413,0.027351252734661102,0.002219591988250613,5.661363684339449e-05,4.957460623700172e-05,1.1419886337118084,1.6068634067778476e-05,,0.0008025971474125981,-9.806518210098147e-05,0.6666666666666666,0.6666666666666666,0.6666666666666666,4.0,1.0,3.0,3.0,,,,,,,,,,,,,,,,,,
R1b_handsin@D2,R1b_handsin,D2,floor_box_table,right_hand_joints,1,0.002968868240714073,0.00613639410585165,0.09153541922569275,0.007353670429438353,0.00010265822493238375,2.557596963015385e-05,4.013854661891316,2.0883480829070322e-05,,0.0029221447184681892,-4.672352224588394e-05,0.3333333333333333,0.3333333333333333,0.3333333333333333,0.0,2.0,3.0,3.0,,,,,,,,,,,,,,,,,,
R1b_handsin@D2,R1b_handsin,D2,AGGREGATE,right_hand_joints,3,0.01357809106896942,0.039395727294807635,0.14582483718792597,0.007185681179786722,0.00020059360637484738,6.052802321695102e-05,3.1044844295461496,2.5426780969913427e-05,,0.013392733759246767,-0.00018535730972265205,0.4444444444444444,0.39999999999999997,0.4166666666666667,1.3333333333333333,1.6666666666666667,3.6666666666666665,3.0,0.016487782847708188,0.04863239201045209,0.12494050066531714,0.003987983003081555,0.00017208971265146578,3.3906418376788235e-05,1.388934534168471,1.0024415519128724e-05,,0.016329338039150997,0.000161122894801803,0.15713484026367722,0.19626135258506325,0.1800205749557739,1.8856180831641267,0.4714045207910317,0.9428090415820634,0.0
R1b_handsin@D2,R1b_handsin,D2,bottle_cupnoodles_shelf,all,1,0.009353098459541798,0.06211545318365097,1.1924694776535034,0.46367043256759644,0.004644057713449001,0.0010129647562280297,4.584619242570738,0.0003809270856436342,,0.009305774234235287,-4.7324225306510925e-05,,,,,,,,,,,,,,,,,,,,,,,,,
R1b_handsin@D2,R1b_handsin,D2,cup_wipe_sponge_dryingrack,all,1,0.0017720310715958476,0.0230726171284914,0.5509690046310425,0.33072856068611145,0.0020944951102137566,0.0008246550569310784,2.5398438930433995,0.00015334032650571316,,0.0018967161886394024,0.00012468511704355478,,,,,,,,,,,,,,,,,,,,,,,,,
R1b_handsin@D2,R1b_handsin,D2,floor_box_table,all,1,0.004450026899576187,0.040196798741817474,0.5363394021987915,0.5763875842094421,0.003048887010663748,0.0011604632018133998,2.6273017583835485,0.000252725527388975,,0.005382028874009848,0.0009320019744336605,,,,,,,,,,,,,,,,,,,,,,,,,
R1b_handsin@D2,R1b_handsin,D2,AGGREGATE,all,3,0.005191718810237944,0.041794956351319947,0.7599259614944458,0.45692885915438336,0.0032624799447755017,0.000999361004990836,3.250588297999229,0.0002623309798461075,,0.0055281730989615125,0.00033645428872356814,,,,,,,,0.003139079042532509,0.015979181093245986,0.3059127613609934,0.10040310608964709,0.0010517553020485233,0.00013743016184743708,0.9439778035378545,9.315983315930815e-05,,0.003026500055797931,0.00042693058602846334,,,,,,,
R1b_handsin,R1b_handsin,plain,bottle_cupnoodles_shelf,motion_token,1,0.009898246265947819,0.07546090334653854,1.634845495223999,0.49818727374076843,0.001545878709293902,0.0012229096610099077,1.264098860759084,0.00796662550419569,0.04401086030664395,0.009215353056788445,-0.0006828932091593742,,,,,,,,,,,,,,,,,,,,,,,,,
R1b_handsin,R1b_handsin,plain,cup_wipe_sponge_dryingrack,motion_token,1,0.0025512108113616705,0.037648968398571014,0.7343229055404663,0.31521880626678467,0.0005122554721310735,0.0009948730003088713,0.5148953403821765,0.0022040940821170807,0.05023831488314883,0.0026809624396264553,0.0001297516282647848,,,,,,,,,,,,,,,,,,,,,,,,,
R1b_handsin,R1b_handsin,plain,floor_box_table,motion_token,1,0.006302578374743462,0.05541772022843361,0.5943670272827148,0.5683630108833313,0.0013710511848330498,0.001409223536029458,0.9729124938517842,0.008225958794355392,0.0705171943231441,0.007479789666831493,0.0011772112920880318,,,,,,,,,,,,,,,,,,,,,,,,,
R1b_handsin,R1b_handsin,plain,AGGREGATE,motion_token,3,0.006250678484017651,0.05617586399118105,0.9878451426823934,0.4605896969636281,0.001143061788752675,0.0012090020657827456,0.9173022316643483,0.006132226126889388,0.05492212317097896,0.006458701721082131,0.00020802323706448078,,,,,,,,0.0029996391662697798,0.015445963714426643,0.461052422259079,0.10671045065150438,0.00045172161238574187,0.00016944351569522364,0.3083783981644459,0.0027796258093157745,0.011316653828360746,0.002763636569103549,0.0007613987227238585,,,,,,,
R1b_handsin,R1b_handsin,plain,bottle_cupnoodles_shelf,left_hand_joints,1,4.734718004328897e-06,0.000301548425341025,,0.0,3.175098026986234e-05,0.0,,9.816686542762909e-06,,3.6570590964402072e-06,-1.07765890788869e-06,,,,,0.0,0.0,0.0,,,,,,,,,,,,,,,,,,
R1b_handsin,R1b_handsin,plain,cup_wipe_sponge_dryingrack,left_hand_joints,1,0.005155771039426327,0.00802792701870203,0.1596059948205948,0.009765625,0.001453756121918559,4.345681008999236e-05,33.45289538988375,0.00939598772674799,,0.005375455599278212,0.00021968455985188484,0.3333333333333333,0.3333333333333333,0.3333333333333333,-1.0,2.0,3.0,3.0,,,,,,,,,,,,,,,,,,
R1b_handsin,R1b_handsin,plain,floor_box_table,left_hand_joints,1,0.0018611839041113853,0.004534302745014429,0.055532440543174744,0.0,0.0008836605120450258,2.0969486286048777e-05,42.140303295504886,0.004998491611331701,,0.00221845181658864,0.00035726791247725487,0.3333333333333333,0.3333333333333333,0.3333333333333333,0.0,2.0,3.0,3.0,,,,,,,,,,,,,,,,,,
R1b_handsin,R1b_handsin,plain,AGGREGATE,left_hand_joints,3,0.0023405632205140137,0.004287926063019161,0.10756921768188477,0.0032552083333333335,0.0007897225380778158,2.1475432125347044e-05,37.79659934269432,0.004801432008207485,,0.0025325214916544305,0.000191958271140417,0.3333333333333333,0.3333333333333333,0.3333333333333333,-0.5,1.3333333333333333,2.0,2.0,0.002130046508552987,0.0031590882275386615,0.05203677713871002,0.004603559773349918,0.0005843189271471706,1.7744775225281438e-05,4.343703952810568,0.0038344209527545288,,0.0022042435905425244,0.00014760182349171706,0.0,0.0,0.0,0.5,0.9428090415820634,1.4142135623730951,1.4142135623730951
R1b_handsin,R1b_handsin,plain,bottle_cupnoodles_shelf,right_hand_joints,1,0.03798685967922211,0.10765091329813004,0.3282657563686371,0.005859375,0.004452030174434185,0.00010643349378369749,41.8292213866619,0.025359826162457466,,0.03805624321103096,6.938353180885315e-05,0.3333333333333333,0.2,0.25,0.0,2.0,5.0,3.0,,,,,,,,,,,,,,,,,,
R1b_handsin,R1b_handsin,plain,cup_wipe_sponge_dryingrack,right_hand_joints,1,0.0003162463544867933,0.002331542083993554,0.009497133083641529,0.0,0.00012526760110631585,4.957460623700172e-05,2.526850147986008,0.00043125153752043843,,0.00018647921388037503,-0.00012976714060641825,1.0,1.0,1.0,2.3333333333333335,0.0,3.0,3.0,,,,,,,,,,,,,,,,,,
R1b_handsin,R1b_handsin,plain,floor_box_table,right_hand_joints,1,0.0018941767048090696,0.004280532244592905,0.058331914246082306,0.0,0.0013016453012824059,2.557596963015385e-05,50.89329241882494,0.0077474103309214115,,0.0018004095181822777,-9.376718662679195e-05,0.6666666666666666,0.6666666666666666,0.6666666666666666,1.0,1.0,3.0,3.0,,,,,,,,,,,,,,,,,,
R1b_handsin,R1b_handsin,plain,AGGREGATE,right_hand_joints,3,0.013399094246172657,0.03808766254223883,0.13203160123278698,0.001953125,0.0019596476922743022,6.052802321695102e-05,31.74978798449095,0.011179496010299772,,0.013347710647697872,-5.1383598474785686e-05,0.6666666666666666,0.6222222222222222,0.6388888888888888,1.1111111111111112,1.0,3.6666666666666665,3.0,0.017398105697472032,0.04919508127483734,0.1401834314846243,0.0027621358640099515,0.001826644273232748,3.3906418376788235e-05,20.9924497183503,0.01046240467230834,,0.017483990368939516,8.66507318274264e-05,0.2721655269759087,0.3281071791162978,0.30681558381075724,0.955813918560292,0.816496580927726,0.9428090415820634,0.0
R1b_handsin,R1b_handsin,plain,bottle_cupnoodles_shelf,all,1,0.011531136929988861,0.07160467654466629,1.5401657819747925,0.4982217252254486,0.0016708039911463857,0.0010129647562280297,1.649419667242864,0.008813481777906418,,0.010976946912705898,-0.0005541900172829628,,,,,,,,,,,,,,,,,,,,,,,,,
R1b_handsin,R1b_handsin,plain,cup_wipe_sponge_dryingrack,all,1,0.0025843793991953135,0.031821154057979584,0.7146329283714294,0.31537002325057983,0.0005620194715447724,0.0008246550569310784,0.6815206756098797,0.002690419089049101,,0.002698912052437663,0.00011453265324234962,,,,,,,,,,,,,,,,,,,,,,,,,
R1b_handsin,R1b_handsin,plain,floor_box_table,all,1,0.005508366506546736,0.046262018382549286,0.5780810713768005,0.5683630108833313,0.0013210823526605964,0.0011604632018133998,1.1384095166449093,0.007893368601799011,,0.006497928872704506,0.0009895623661577702,,,,,,,,,,,,,,,,,,,,,,,,,
R1b_handsin,R1b_handsin,plain,AGGREGATE,all,3,0.00654129427857697,0.04989594966173172,0.9442932605743408,0.46065158645311993,0.0011846352717839181,0.000999361004990836,1.1564499531658843,0.006465756489584844,,0.006724595945949356,0.00018330166737238565,,,,,,,,0.0037248107258737568,0.01644356526159584,0.42501737119971084,0.10664582955860771,0.0004628276368418162,0.00013743016184743708,0.39534896611595977,0.002695864911319383,,0.0033832921598667843,0.0006321074477877152,,,,,,,
RA2_handsin@D1,RA2_handsin,D1,bottle_cupnoodles_shelf,motion_token,1,0.008643347769975662,0.07030684500932693,1.3791369199752808,0.5115845203399658,0.003547907806932926,0.0012229096610099077,2.9012018794609733,0.00026755136786960065,1.0,0.009726591408252716,0.0010832436382770538,,,,,,,,,,,,,,,,,,,,,,,,,
RA2_handsin@D1,RA2_handsin,D1,cup_wipe_sponge_dryingrack,motion_token,1,0.002064384752884507,0.028996579349040985,0.6055840253829956,0.25,0.0016762062441557646,0.0009948730003088713,1.6848444410848062,0.00011596679541980848,1.0,0.0021342034451663494,6.981869228184223e-05,,,,,,,,,,,,,,,,,,,,,,,,,
RA2_handsin@D1,RA2_handsin,D1,floor_box_table,motion_token,1,0.005336311645805836,0.051604293286800385,0.5945115685462952,0.6373774409294128,0.003351318184286356,0.001409223536029458,2.3781310051979583,0.00036898526013828814,1.0,0.006160352844744921,0.000824041198939085,,,,,,,,,,,,,,,,,,,,,,,,,
RA2_handsin@D1,RA2_handsin,D1,AGGREGATE,motion_token,3,0.005348014722888668,0.050302572548389435,0.8597441713015238,0.46632065375645954,0.0028584774117916822,0.0012090020657827456,2.3213924419145795,0.00025083447447589907,1.0,0.006007049232721329,0.0006590345098326603,,,,,,,,0.0026858631531996306,0.0168899451329572,0.3672939516302625,0.1613524788546745,0.0008398355812500751,0.00016944351569522364,0.4981939400781281,0.0001039685105073532,0.0,0.003101474406751225,0.0004298665962665996,,,,,,,
RA2_handsin@D1,RA2_handsin,D1,bottle_cupnoodles_shelf,left_hand_joints,1,0.26879316568374634,0.41801726818084717,,1.574129581451416,0.003590830834582448,0.0,,0.0003690418670885265,,0.24504612386226654,-0.023747041821479797,0.0,,,,24.0,0.0,24.0,,,,,,,,,,,,,,,,,,
RA2_handsin@D1,RA2_handsin,D1,cup_wipe_sponge_dryingrack,left_hand_joints,1,0.3649669289588928,0.46476781368255615,0.12970848381519318,1.0318371057510376,0.0032376183662563562,4.345681008999236e-05,74.50197931122297,0.0015590288676321507,,0.36922213435173035,0.004255205392837524,0.07142857142857142,0.3333333333333333,0.11764705882352941,0.0,13.0,3.0,14.0,,,,,,,,,,,,,,,,,,
RA2_handsin@D1,RA2_handsin,D1,floor_box_table,left_hand_joints,1,0.24554257094860077,0.3572542667388916,0.04953605309128761,1.5115289688110352,0.003373423358425498,2.0969486286048777e-05,160.87296142633082,0.0004906780668534338,,0.24171483516693115,-0.0038277357816696167,0.0,0.0,,,14.0,3.0,14.0,,,,,,,,,,,,,,,,,,
RA2_handsin@D1,RA2_handsin,D1,AGGREGATE,left_hand_joints,3,0.29310088853041333,0.4133464495340983,0.0896222684532404,1.3724985520044963,0.003400624186421434,2.1475432125347044e-05,117.6874703687769,0.0008062496005247036,,0.2853276977936427,-0.00777319073677063,0.023809523809523808,0.16666666666666666,0.11764705882352941,0.0,17.0,2.0,17.333333333333332,0.0516958629165841,0.04401630837333668,0.04008621536195278,0.2422359385645344,0.00014547548642984717,1.7744775225281438e-05,43.185491057553925,0.0005346065905650814,,0.05933791219303313,0.011767367968666113,0.03367175148507369,0.16666666666666666,0.0,0.0,4.96655480858378,1.4142135623730951,4.714045207910316
RA2_handsin@D1,RA2_handsin,D1,bottle_cupnoodles_shelf,right_hand_joints,1,0.08447153121232986,0.19391576945781708,0.19844499230384827,1.0360379219055176,0.0014361272333189845,0.00010643349378369749,13.493188866256661,0.00013631496403831989,,0.09191623330116272,0.007444702088832855,0.6666666666666666,0.4,0.5,-0.5,1.0,5.0,3.0,,,,,,,,,,,,,,,,,,
RA2_handsin@D1,RA2_handsin,D1,cup_wipe_sponge_dryingrack,right_hand_joints,1,0.2261819839477539,0.35888946056365967,0.04620584845542908,1.0278218984603882,0.0014961452689021826,4.957460623700172e-05,30.17967024789968,0.0004316327103879303,,0.2366321086883545,0.010450124740600586,0.3333333333333333,0.3333333333333333,0.3333333333333333,7.0,2.0,3.0,3.0,,,,,,,,,,,,,,,,,,
RA2_handsin@D1,RA2_handsin,D1,floor_box_table,right_hand_joints,1,0.1814483255147934,0.305664598941803,0.07176239043474197,1.4660004377365112,0.0017018454382196069,2.557596963015385e-05,66.54079836774382,0.00023987400345504284,,0.1768435388803482,-0.00460478663444519,0.0,0.0,,,8.0,3.0,8.0,,,,,,,,,,,,,,,,,,
RA2_handsin@D1,RA2_handsin,D1,AGGREGATE,right_hand_joints,3,0.16403394689162573,0.2861566096544266,0.10547107706467311,1.176620086034139,0.0015447059801469247,6.052802321695102e-05,36.737885827300055,0.00026927389262709767,,0.16846396028995514,0.004430013398329417,0.3333333333333333,0.24444444444444446,0.41666666666666663,3.25,3.6666666666666665,3.6666666666666665,4.666666666666667,0.05914901261922012,0.06874833779226368,0.06656523564975485,0.2046502980270722,0.00011378385389661312,3.3906418376788235e-05,22.14753352926664,0.00012234216482131862,,0.05937639345893133,0.006505323463805506,0.2721655269759087,0.17497795275581804,0.08333333333333334,3.75,3.091206165165235,0.9428090415820634,2.357022603955158
RA2_handsin@D1,RA2_handsin,D1,bottle_cupnoodles_shelf,all,1,0.038795217871665955,0.11260472983121872,1.2935795783996582,1.9526846408843994,0.0033622412011027336,0.0010129647562280297,3.3192084723882096,0.00026488187722861767,,0.038221005350351334,-0.000574212521314621,,,,,,,,,,,,,,,,,,,,,,,,,
RA2_handsin@D1,RA2_handsin,D1,cup_wipe_sponge_dryingrack,all,1,0.05474567413330078,0.0977100357413292,0.5898983478546143,1.4777028560638428,0.0018001737771555781,0.0008246550569310784,2.1829415366163576,0.00027380132814869285,,0.05612267926335335,0.0013770051300525665,,,,,,,,,,,,,,,,,,,,,,,,,
RA2_handsin@D1,RA2_handsin,D1,floor_box_table,all,1,0.0426982045173645,0.10183469951152802,0.5783339142799377,2.200028896331787,0.0032052723690867424,0.0011604632018133998,2.7620629108083894,0.0003683194809127599,,0.04261757805943489,-8.06264579296112e-05,,,,,,,,,,,,,,,,,,,,,,,,,
RA2_handsin@D1,RA2_handsin,D1,AGGREGATE,all,3,0.04541303217411041,0.10404982169469197,0.8206039468447367,1.8768054644266765,0.002789229115781685,0.000999361004990836,2.754737639937652,0.0003023342287633568,,0.04565375422437986,0.0002407220502694448,,,,,,,,0.006788813379030525,0.006279227804043334,0.33447759771974606,0.29972983855156266,0.0007022974919053026,0.00013743016184743708,0.4639079520961645,4.680049342399527e-05,,0.007617141042862874,0.0008283562955407695,,,,,,,
RA2_handsin,RA2_handsin,plain,bottle_cupnoodles_shelf,motion_token,1,0.00937140267342329,0.07320491969585419,1.4876525402069092,0.519163966178894,0.002844733651727438,0.0012229096610099077,2.3262009798648493,0.006918711122125387,1.0,0.009806529618799686,0.0004351269453763962,,,,,,,,,,,,,,,,,,,,,,,,,
RA2_handsin,RA2_handsin,plain,cup_wipe_sponge_dryingrack,motion_token,1,0.0025174561887979507,0.032435569912195206,0.7236840724945068,0.2651650309562683,0.001163661596365273,0.0009948730003088713,1.1696584347992147,0.0018981933826580644,1.0,0.002523987554013729,6.531365215778351e-06,,,,,,,,,,,,,,,,,,,,,,,,,
RA2_handsin,RA2_handsin,plain,floor_box_table,motion_token,1,0.006312541197985411,0.055814385414123535,0.6644234657287598,0.7856128215789795,0.002465004799887538,0.001409223536029458,1.7491936068799876,0.006206165533512831,1.0,0.006635974161326885,0.00032343296334147453,,,,,,,,,,,,,,,,,,,,,,,,,
RA2_handsin,RA2_handsin,plain,AGGREGATE,motion_token,3,0.006067133353402217,0.05381829167405764,0.9585866928100586,0.5233139395713806,0.0021578000159934163,0.0012090020657827456,1.7483510071813508,0.005007690012765427,1.0,0.006322163778046767,0.00025503042464454967,,,,,,,,0.0028034876328321525,0.01670375732402606,0.37488750138307875,0.21249218401372494,0.0007198527156140896,0.00016944351569522364,0.47215689279264855,0.0022179055094765404,0.0,0.0029813545521943587,0.00018153553060570516,,,,,,,
RA2_handsin,RA2_handsin,plain,bottle_cupnoodles_shelf,right_hand_joints,1,0.04127350449562073,0.13183775544166565,0.2547990679740906,0.15236768126487732,0.005391768179833889,0.00014900689711794257,36.18468865616451,0.03520355373620987,,0.0418798066675663,0.0006063021719455719,0.6666666666666666,0.4,0.5,5.5,1.0,5.0,3.0,,,,,,,,,,,,,,,,,,
RA2_handsin,RA2_handsin,plain,cup_wipe_sponge_dryingrack,right_hand_joints,1,0.013300773687660694,0.08918092399835587,0.05785335227847099,0.07024358958005905,0.0023710858076810837,0.0003470222873147577,6.832661458226315,0.014176187105476856,,0.013476110994815826,0.0001753373071551323,0.3333333333333333,0.3333333333333333,0.3333333333333333,-2.0,2.0,3.0,3.0,,,,,,,,,,,,,,,,,,
RA2_handsin,RA2_handsin,plain,floor_box_table,right_hand_joints,1,0.00875753816217184,0.06757821142673492,0.03860073164105415,0.10932839661836624,0.003720410168170929,0.00017903179104905576,20.780723615458413,0.023879677057266235,,0.008627017959952354,-0.00013052020221948624,0.3333333333333333,0.3333333333333333,0.3333333333333333,0.0,2.0,3.0,3.0,,,,,,,,,,,,,,,,,,
RA2_handsin,RA2_handsin,plain,AGGREGATE,right_hand_joints,3,0.02111060544848442,0.09619896362225215,0.11708438396453857,0.11064655582110088,0.0038277547185619674,0.00022502032516058534,21.266024576616413,0.024419805966317654,,0.021327645207444828,0.00021703975896040598,0.4444444444444444,0.35555555555555557,0.38888888888888884,1.1666666666666667,1.6666666666666667,3.6666666666666665,3.0,0.014377462009426968,0.026699087492192672,0.09769567201004058,0.0335399738275283,0.0012355221939818713,8.713488639649345e-05,11.987827518620755,0.008592878496546268,,0.014666786317558167,0.0003022483786915287,0.15713484026367722,0.03142696805273547,0.07856742013183862,3.1710495984067415,0.4714045207910317,0.9428090415820634,0.0
RA2_handsin,RA2_handsin,plain,bottle_cupnoodles_shelf,all,1,0.011683149263262749,0.07745367288589478,1.3983159065246582,0.5410611629486084,0.003029301529750228,0.0011450906749814749,2.645468691638097,0.008968336507678032,,0.012130680494010448,0.00044753123074769974,,,,,,,,,,,,,,,,,,,,,,,,,
RA2_handsin,RA2_handsin,plain,cup_wipe_sponge_dryingrack,all,1,0.0029074326157569885,0.03414374217391014,0.7038019299507141,0.2794468402862549,0.0012518164003267884,0.0009745923453010619,1.2844512953157754,0.002616184763610363,,0.0029166792519390583,9.246636182069778e-06,,,,,,,,,,,,,,,,,,,,,,,,,
RA2_handsin,RA2_handsin,plain,floor_box_table,all,1,0.006345237139612436,0.056122951209545135,0.6452627182006836,0.7946229577064514,0.0024701026268303394,0.0013714564265683293,1.8010799169252885,0.00652969628572464,,0.006654580123722553,0.00030934298411011696,,,,,,,,,,,,,,,,,,,,,,,,,
RA2_handsin,RA2_handsin,plain,AGGREGATE,all,3,0.006978606339544058,0.05590678875645002,0.9157935182253519,0.5383769869804382,0.002250406852302452,0.0011637131489502888,1.9103333012930535,0.006038072519004345,,0.007233979956557353,0.0002553736170132955,,,,,,,,0.003610555643008792,0.01768186583713803,0.34203079903777533,0.21032833315320454,0.0007420974874589913,0.00016255331874509652,0.5609779049539925,0.0026164515908533668,,0.0037838457374246488,0.00018295330168654743,,,,,,,
RA2_handsin,RA2_handsin,plain,cup_wipe_sponge_dryingrack,left_hand_joints,1,0.017472587525844574,0.08842973411083221,0.0772704929113388,0.0533280186355114,0.005774448625743389,0.00030419768881984055,18.982552589882676,0.0370076447725296,,0.017489518970251083,1.69314444065094e-05,0.6666666666666666,0.6666666666666666,0.6666666666666666,3.5,1.0,3.0,3.0,,,,,,,,,,,,,,,,,,
RA2_handsin,RA2_handsin,plain,floor_box_table,left_hand_joints,1,0.006025478709489107,0.06441599130630493,0.025683367624878883,0.04780634120106697,0.0015460590366274118,0.00014678640582133085,10.532712671698514,0.00988565944135189,,0.0058729383163154125,-0.0001525403931736946,0.6666666666666666,0.6666666666666666,0.6666666666666666,-4.0,1.0,3.0,3.0,,,,,,,,,,,,,,,,,,
RA2_handsin,RA2_handsin,plain,AGGREGATE,left_hand_joints,2,0.01174903311766684,0.07642286270856857,0.051476930268108845,0.050567179918289185,0.0036602538311854005,0.0002254920473205857,14.757632630790596,0.023446652106940746,,0.011681228643283248,-6.78044743835926e-05,0.6666666666666666,0.6666666666666666,0.6666666666666666,-0.25,1.0,3.0,3.0,0.005723554408177733,0.012006871402263641,0.02579356264322996,0.0027608387172222137,0.0021141947945579886,7.870564149925485e-05,4.224919959092081,0.013560992665588856,,0.005808290326967835,8.4735918790102e-05,0.0,0.0,0.0,3.75,0.0,0.0,0.0
RA_handsout@D1,RA_handsout,D1,bottle_cupnoodles_shelf,motion_token,1,0.008771885186433792,0.07040566205978394,1.4298996925354004,0.5303300619125366,0.005299129523336887,0.0012229096610099077,4.333214212209871,0.00031270066392607987,1.0,0.01085637602955103,0.002084490843117237,,,,,,,,,,,,,,,,,,,,,,,,,
RA_handsout@D1,RA_handsout,D1,cup_wipe_sponge_dryingrack,motion_token,1,0.0019311283249408007,0.02759479731321335,0.5565651655197144,0.2651650309562683,0.0017252604011446238,0.0009948730003088713,1.734151394810186,0.00015563964552711695,1.0,0.00279575539752841,0.0008646270725876093,,,,,,,,,,,,,,,,,,,,,,,,,
RA_handsout@D1,RA_handsout,D1,floor_box_table,motion_token,1,0.00575129734352231,0.05303288623690605,0.6349923014640808,0.8196797966957092,0.0037307655438780785,0.001409223536029458,2.6473908847631478,0.00024691494763828814,1.0,0.006398696452379227,0.0006473991088569164,,,,,,,,,,,,,,,,,,,,,,,,,
RA_handsout@D1,RA_handsout,D1,AGGREGATE,motion_token,3,0.005484770284965634,0.050344448536634445,0.8738190531730652,0.538391629854838,0.00358505182278653,0.0012090020657827456,2.904918830594402,0.000238418419030495,1.0,0.006683609293152888,0.0011988390081872542,,,,,,,,0.002799079147889298,0.01758054432298142,0.39450979034605016,0.2264514635472438,0.0014626595621277437,0.00016944351569522364,1.0765755475458425,6.440074597868737e-05,0.0,0.003296895786289023,0.0006324984198097678,,,,,,,
RA_handsout@D1,RA_handsout,D1,bottle_cupnoodles_shelf,left_hand_joints,1,1.4807878869760316e-06,0.0009953395929187536,,0.0008852072060108185,2.6312829248809066e-08,0.0,,3.873604104143169e-09,,8.678026119923743e-07,-6.129852749836573e-07,0.0,,,,15.0,0.0,15.0,,,,,,,,,,,,,,,,,,
RA_handsout@D1,RA_handsout,D1,cup_wipe_sponge_dryingrack,left_hand_joints,1,2.2985791474638972e-06,0.0011885336134582758,,0.00599149102345109,1.4469097919800333e-08,0.0,,1.2540205318600783e-08,,2.0931247490807436e-06,-2.054543983831536e-07,0.0,,,,17.0,0.0,17.0,,,,,,,,,,,,,,,,,,
RA_handsout@D1,RA_handsout,D1,floor_box_table,left_hand_joints,1,1.3155403166820179e-06,0.0009290518355555832,,0.0009564620559103787,2.169221069436844e-08,0.0,,5.325526686306148e-09,,1.5612855577273876e-06,2.4574524104536977e-07,0.0,,,,12.0,0.0,12.0,,,,,,,,,,,,,,,,,,
RA_handsout@D1,RA_handsout,D1,AGGREGATE,left_hand_joints,3,1.6983024503739823e-06,0.0010376416806442041,,0.002611053428457429,2.0824712620992614e-08,0.0,,7.246445369683367e-09,,1.5074043062668352e-06,-1.9089814410714703e-07,0.0,,,,14.666666666666666,0.0,14.666666666666666,4.2978736965612964e-07,0.00011007512051726117,,0.002390507346937528,4.8739380127995624e-09,0.0,,3.789893630320891e-09,,5.016844804282991e-07,3.5072633034298084e-07,0.0,,,,2.0548046676563256,0.0,2.0548046676563256
RA_handsout@D1,RA_handsout,D1,bottle_cupnoodles_shelf,right_hand_joints,1,7.196382512120181e-07,0.0006813492509536445,,0.001408036332577467,1.9518514804417464e-08,0.0,,2.7253606038613043e-09,,5.794670414616121e-07,-1.4017120975040598e-07,0.0,,,,13.0,0.0,13.0,,,,,,,,,,,,,,,,,,
RA_handsout@D1,RA_handsout,D1,cup_wipe_sponge_dryingrack,right_hand_joints,1,1.611241032151156e-06,0.0010439364705234766,,0.004681444261223078,1.2930196469085331e-08,0.0,,6.3278320361348506e-09,,1.4873378404445248e-06,-1.2390319170663133e-07,0.0,,,,12.0,0.0,12.0,,,,,,,,,,,,,,,,,,
RA_handsout@D1,RA_handsout,D1,floor_box_table,right_hand_joints,1,1.08132292098162e-06,0.0008372097508981824,,0.002296352991834283,1.595046406066558e-08,0.0,,3.016420668799924e-09,,1.236437583429506e-06,1.5511466244788608e-07,0.0,,,,8.0,0.0,8.0,,,,,,,,,,,,,,,,,,
RA_handsout@D1,RA_handsout,D1,AGGREGATE,right_hand_joints,3,1.137400734781598e-06,0.0008541651574584345,,0.002795277861878276,1.6133058444722792e-08,0.0,,4.02320443626536e-09,,1.1010808217785477e-06,-3.631991300305041e-08,0.0,,,,11.0,0.0,11.0,3.661488045818165e-07,0.00014851035274252318,,0.001382146732753388,2.6927668736493963e-09,0.0,,1.6339441587583251e-09,,3.8279536448337844e-07,1.3552751162606153e-07,0.0,,,,2.160246899469287,0.0,2.160246899469287
RA_handsout@D1,RA_handsout,D1,bottle_cupnoodles_shelf,all,1,0.00719764269888401,0.0579192154109478,1.4298996925354004,0.5303326845169067,0.004348007962107658,0.0010034131119027734,4.333218203480047,0.0002565754984971136,,0.008907925337553024,0.001710282638669014,,,,,,,,,,,,,,,,,,,,,,,,,
RA_handsout@D1,RA_handsout,D1,cup_wipe_sponge_dryingrack,all,1,0.0015848663169890642,0.02284223400056362,0.5565651655197144,0.2652740478515625,0.0014156006509438157,0.0008163060992956161,1.734154200446776,0.00012770600733347237,,0.0022942745126783848,0.0007094081956893206,,,,,,,,,,,,,,,,,,,,,,,,,
RA_handsout@D1,RA_handsout,D1,floor_box_table,all,1,0.004719228483736515,0.043672677129507065,0.6349923014640808,0.8196836113929749,0.003061144147068262,0.0011562859872356057,2.6473936213537463,0.00020259764278307557,,0.0052504632622003555,0.0005312347784638405,,,,,,,,,,,,,,,,,,,,,,,,,
RA_handsout@D1,RA_handsout,D1,AGGREGATE,all,3,0.00450057916653653,0.04147804218033949,0.8738190531730652,0.5384301145871481,0.0029415842533732453,0.0009920017328113317,2.904922008426856,0.0001956263828712205,,0.005484221037477255,0.000983641870940725,,,,,,,,0.002296616398272822,0.014403957167764467,0.39450979034605016,0.2264091684198495,0.001200131683268427,0.0001390305619411272,1.076576077379018,5.2841178934381144e-05,,0.0027050663986266034,0.0005189357992693759,,,,,,,
RA_handsout,RA_handsout,plain,bottle_cupnoodles_shelf,motion_token,1,0.009457121603190899,0.07327280193567276,1.5253831148147583,0.5376453399658203,0.0035663931630551815,0.0012229096610099077,2.916317759817164,0.008413654752075672,1.0,0.00998734775930643,0.0005302261561155319,,,,,,,,,,,,,,,,,,,,,,,,,
RA_handsout,RA_handsout,plain,cup_wipe_sponge_dryingrack,motion_token,1,0.002440505428239703,0.03230944275856018,0.6912906169891357,0.2997394800186157,0.001037220936268568,0.0009948730003088713,1.0425661727140543,0.0020965575240552425,1.0,0.0029349427204579115,0.0004944372922182083,,,,,,,,,,,,,,,,,,,,,,,,,
RA_handsout,RA_handsout,plain,floor_box_table,motion_token,1,0.0065185679122805595,0.05640074983239174,0.6678369045257568,0.7705517411231995,0.0025222294498234987,0.001409223536029458,1.7898008267233303,0.00630326708778739,1.0,0.0068084183149039745,0.000289850402623415,,,,,,,,,,,,,,,,,,,,,,,,,
RA_handsout,RA_handsout,plain,AGGREGATE,motion_token,3,0.006138731647903721,0.05399433150887489,0.9615035454432169,0.5359788537025452,0.0023752811830490828,0.0012090020657827456,1.9162282530848496,0.005604493121306102,1.0,0.006576902931556106,0.00043817128365238506,,,,,,,,0.0028770856003310597,0.016809567427095433,0.3988380170136367,0.19221191288774991,0.001037745435392898,0.00016944351569522364,0.7701619626828086,0.0026258513716811726,0.0,0.0028837826706762573,0.00010589152785334216,,,,,,,
RA_handsout,RA_handsout,plain,bottle_cupnoodles_shelf,left_hand_joints,1,0.0007536376942880452,0.0216615442186594,,0.043989866971969604,0.0003555454022716731,0.0,,0.0016480416525155306,,0.0007799306185916066,2.629292430356145e-05,0.0,,,,41.0,0.0,41.0,,,,,,,,,,,,,,,,,,
RA_handsout,RA_handsout,plain,cup_wipe_sponge_dryingrack,left_hand_joints,1,0.00043322419514879584,0.016941368579864502,,0.03602300211787224,0.00019688051543198526,0.0,,0.0008029247401282191,,0.0005638165166601539,0.00013059232151135802,0.0,,,,14.0,0.0,14.0,,,,,,,,,,,,,,,,,,
RA_handsout,RA_handsout,plain,floor_box_table,left_hand_joints,1,0.0006005836767144501,0.01932585798203945,,0.0677393302321434,0.00026395011809654534,0.0,,0.0012776260264217854,,0.000584120221901685,-1.646345481276512e-05,0.0,,,,21.0,0.0,21.0,,,,,,,,,,,,,,,,,,
RA_handsout,RA_handsout,plain,AGGREGATE,left_hand_joints,3,0.000595815188717097,0.019309590260187786,,0.049250733107328415,0.00027212534526673454,0.0,,0.0012428641396885116,,0.0006426224523844818,4.680726366738478e-05,0.0,,,,25.333333333333332,0.0,25.333333333333332,0.00013085171369658637,0.0019270379678579057,,0.01347191898317016,6.503210660089823e-05,0.0,,0.000345892026002054,,9.744471763349138e-05,6.176287410855176e-05,0.0,,,,11.440668201153676,0.0,11.440668201153676
RA_handsout,RA_handsout,plain,bottle_cupnoodles_shelf,right_hand_joints,1,0.0006971701513975859,0.020912207663059235,,0.05923210829496384,0.00034296989906579256,0.0,,0.0015317555516958237,,0.0007408024976029992,4.363234620541334e-05,0.0,,,,62.0,0.0,62.0,,,,,,,,,,,,,,,,,,
RA_handsout,RA_handsout,plain,cup_wipe_sponge_dryingrack,right_hand_joints,1,0.00035273394314572215,0.01474339421838522,,0.03392723202705383,0.0001690564095042646,0.0,,0.0006199834169819951,,0.00036085359170101583,8.11964855529368e-06,0.0,,,,21.0,0.0,21.0,,,,,,,,,,,,,,,,,,
RA_handsout,RA_handsout,plain,floor_box_table,right_hand_joints,1,0.0004521734081208706,0.017183199524879456,,0.08588418364524841,0.00022777309641242027,0.0,,0.0010465512750670314,,0.0004705025639850646,1.8329155864194036e-05,0.0,,,,14.0,0.0,14.0,,,,,,,,,,,,,,,,,,
RA_handsout,RA_handsout,plain,AGGREGATE,right_hand_joints,3,0.0005006925008880595,0.01761293380210797,,0.05968117465575536,0.0002465998016608258,0.0,,0.0010660967479149501,,0.0005240528844296932,2.3360383541633684e-05,0.0,,,,32.333333333333336,0.0,32.333333333333336,0.00014474034719903,0.0025366734766312303,,0.021213713344770624,7.223715150230145e-05,0.0,,0.0003724859062584691,,0.00015966844895766636,1.4928113579281204e-05,0.0,,,,21.171259344267224,0.0,21.171259344267224
RA_handsout,RA_handsout,plain,bottle_cupnoodles_shelf,all,1,0.007889891043305397,0.06394198536872864,1.5253831148147583,0.5426841378211975,0.0029889584984630346,0.0010034131119027734,2.9787915495693187,0.007188878022134304,,0.008331222459673882,0.0004413314163684845,,,,,,,,,,,,,,,,,,,,,,,,,
RA_handsout,RA_handsout,plain,cup_wipe_sponge_dryingrack,all,1,0.0020730006508529186,0.02935381606221199,0.6912906169891357,0.3037967383861542,0.0008838935173116624,0.0008163060992956161,1.0827966593344909,0.0018479492282494903,,0.0024911414366215467,0.0004181407857686281,,,,,,,,,,,,,,,,,,,,,,,,,
RA_handsout,RA_handsout,plain,floor_box_table,all,1,0.0054430472664535046,0.049553994089365005,0.6678369045257568,0.778276801109314,0.002113650320097804,0.0011562859872356057,1.827965004705298,0.00538049079477787,,0.0056810397654771805,0.00023799249902367592,,,,,,,,,,,,,,,,,,,,,,,,,
RA_handsout,RA_handsout,plain,AGGREGATE,all,3,0.0051353129868706065,0.04761659850676855,0.9615035454432169,0.5415858924388885,0.001995500778624167,0.0009920017328113317,1.963184404536369,0.004805772681720555,,0.005501134553924203,0.0003658215670535962,,,,,,,,0.002384684290714991,0.014186859888095116,0.3988380170136367,0.1937072311292366,0.0008634404551290841,0.0001390305619411272,0.7799198123384867,0.0022179729149900355,,0.0023875944662375063,9.088327426596247e-05,,,,,,,
